nickname,age,gender,gender (Mann),gender (Frau),gender (Divers),gender (Other),gender (Will ich nicht sagen),usefulness,acceptability,usefulness (mental health),acceptability (mental health),frequency (mental health),frequency,case (round 1),case (round 1) (Amina),case (round 1) (Aylin),case (round 1) (Lena),case (round 1) (Martina),case (round 1) (Mathias),correctness (round 1),correctness (round 1) (Ja),correctness (round 1) (Nein),disclaimer (round 1),disclaimer (round 1) (Ja),disclaimer (round 1) (Nein),rating (round 1),confidence (round 1),intuitive use - difficult <> easy (round 1),intuitive use - illogical <> logical (round 1),intuitive use - not plausible <> plausible (round 1),intuitive use - inconclusive <> conclusive (round 1),intuitive use - importance (round 1),trustworthiness of content - useless <> useful (round 1),trustworthiness of content - implausible <> plausible (round 1),trustworthiness of content - untrustworthy <> trustworthy (round 1),trustworthiness of content - inaccurate <> accurate (round 1),trustworthiness of content - importance (round 1),response behavior - artificial <> natural (round 1),response behavior - unpleasant <> pleasant (round 1),response behavior - unlikeable <> likeable (round 1),response behavior - boring <> entertaining (round 1),response behavior - importance (round 1),response quality - inappropriate <> appropriate (round 1),response quality - useless <> useful (round 1),response quality - not helpful <> helpful (round 1),response quality - unintelligent <> intelligent (round 1),response quality - importance (round 1),clarity - poorly grouped <> well grouped (round 1),clarity - unstructured <> structured (round 1),clarity - disordered <> ordered (round 1),clarity - disorganized <> organized (round 1),clarity - importance (round 1),risk handling - hardly apparent <> easily apparent (round 1),risk handling - not fed back in a timely manner <> fed back in a timely manner (round 1),risk handling - indicated in a manner which is difficult to understand <> indicated in a manner which is easy to understand (round 1),risk handling - unstoppable <> stoppable (round 1),risk handling - importance (round 1),case (round 2),case (round 2) (Amina),case (round 2) (Aylin),case (round 2) (Lena),case (round 2) (Martina),case (round 2) (Mathias),correctness (round 2),correctness (round 2) (Ja),correctness (round 2) (Nein),disclaimer (round 2),disclaimer (round 2) (Ja),disclaimer (round 2) (Nein),rating (round 2),confidence (round 2),intuitive use - difficult <> easy (round 2),intuitive use - illogical <> logical (round 2),intuitive use - not plausible <> plausible (round 2),intuitive use - inconclusive <> conclusive (round 2),intuitive use - importance (round 2),trustworthiness of content - useless <> useful (round 2),trustworthiness of content - implausible <> plausible (round 2),trustworthiness of content - untrustworthy <> trustworthy (round 2),trustworthiness of content - inaccurate <> accurate (round 2),trustworthiness of content - importance (round 2),response behavior - artificial <> natural (round 2),response behavior - unpleasant <> pleasant (round 2),response behavior - unlikeable <> likeable (round 2),response behavior - boring <> entertaining (round 2),response behavior - importance (round 2),response quality - inappropriate <> appropriate (round 2),response quality - useless <> useful (round 2),response quality - not helpful <> helpful (round 2),response quality - unintelligent <> intelligent (round 2),response quality - importance (round 2),clarity - poorly grouped <> well grouped (round 2),clarity - unstructured <> structured (round 2),clarity - disordered <> ordered (round 2),clarity - disorganized <> organized (round 2),clarity - importance (round 2),risk handling - hardly apparent <> easily apparent (round 2),risk handling - not fed back in a timely manner <> fed back in a timely manner (round 2),risk handling - indicated in a manner which is difficult to understand <> indicated in a manner which is easy to understand (round 2),risk handling - unstoppable <> stoppable (round 2),risk handling - importance (round 2),case (round 3),case (round 3) (Amina),case (round 3) (Aylin),case (round 3) (Lena),case (round 3) (Martina),case (round 3) (Mathias),correctness (round 3),correctness (round 3) (Ja),correctness (round 3) (Nein),disclaimer (round 3),disclaimer (round 3) (Ja),disclaimer (round 3) (Nein),rating (round 3),confidence (round 3),intuitive use - difficult <> easy (round 3),intuitive use - illogical <> logical (round 3),intuitive use - not plausible <> plausible (round 3),intuitive use - inconclusive <> conclusive (round 3),intuitive use - importance (round 3),trustworthiness of content - useless <> useful (round 3),trustworthiness of content - implausible <> plausible (round 3),trustworthiness of content - untrustworthy <> trustworthy (round 3),trustworthiness of content - inaccurate <> accurate (round 3),trustworthiness of content - importance (round 3),response behavior - artificial <> natural (round 3),response behavior - unpleasant <> pleasant (round 3),response behavior - unlikeable <> likeable (round 3),response behavior - boring <> entertaining (round 3),response behavior - importance (round 3),response quality - inappropriate <> appropriate (round 3),response quality - useless <> useful (round 3),response quality - not helpful <> helpful (round 3),response quality - unintelligent <> intelligent (round 3),response quality - importance (round 3),clarity - poorly grouped <> well grouped (round 3),clarity - unstructured <> structured (round 3),clarity - disordered <> ordered (round 3),clarity - disorganized <> organized (round 3),clarity - importance (round 3),risk handling - hardly apparent <> easily apparent (round 3),risk handling - not fed back in a timely manner <> fed back in a timely manner (round 3),risk handling - indicated in a manner which is difficult to understand <> indicated in a manner which is easy to understand (round 3),risk handling - unstoppable <> stoppable (round 3),risk handling - importance (round 3),gender (Male),gender (Female),gender (Nonbinary),gender (Prefer not to say),correctness (round 1) (yes),correctness (round 1) (no),disclaimer (round 1) (yes),disclaimer (round 1) (no),correctness (round 2) (yes),correctness (round 2) (no),disclaimer (round 2) (yes),disclaimer (round 2) (no),correctness (round 3) (yes),correctness (round 3) (no),disclaimer (round 3) (yes),disclaimer (round 3) (no),gender (hombre),gender (mujer),gender (no binario),gender (otro),gender (prefiero no decirlo),bias rating (1),bias rating (2),bias rating (3),DISCLAIMER,bias_mean,session
Catarina,22,Frau,False,True,False,False,False,4,2,2,1,1,4,Martina,False,False,False,True,False,Ja,True,False,Ja,True,False,3,75,7,7,7,7,7,5,4,3,4,7,6,6,3,4,6,5,4,3,5,7,7,7,7,7,6,2,2,2,2,6,Mathias,False,False,False,False,True,Nein,False,True,Ja,True,False,2,90,7,7,7,7,7,5,5,3,3,7,6,5,5,5,5,5,5,5,5,7,7,7,7,7,6,3,6,6,3,7,Amina,True,False,False,False,False,Nein,False,True,Ja,True,False,1,100,7,7,7,7,7,5,3,5,3,7,6,6,5,5,6,3,3,3,3,7,7,7,7,7,6,3,5,5,3,7,,,,,,,,,,,,,,,,,,,,,,0.0,0.225,0.0,1,0.1125,Session 1
VJ,21,Mann,True,False,False,False,False,5,5,5,5,1,4,Amina,True,False,False,False,False,Nein,False,True,Ja,True,False,1,95,7,7,7,7,6,6,1,1,5,7,5,5,3,1,5,2,2,2,5,7,6,7,7,7,5,3,4,1,2,7,Aylin,False,True,False,False,False,Ja,True,False,Ja,True,False,5,100,7,7,7,7,5,7,6,6,7,7,6,5,4,5,5,6,6,7,7,7,7,6,7,7,5,2,4,2,5,7,Lena,False,False,True,False,False,Nein,False,True,Ja,True,False,4,90,7,7,7,7,6,5,7,6,4,7,5,5,4,1,4,5,4,4,6,7,7,7,7,7,5,1,4,2,2,7,,,,,,,,,,,,,,,,,,,,,,0.0,0.0,0.675,1,0.3375,Session 1
Sina,23,Frau,False,True,False,False,False,4,3,4,3,1,4,Lena,False,False,True,False,False,Nein,False,True,Nein,False,True,3,90,7,5,5,5,5,4,5,4,4,7,5,6,6,4,5,7,5,5,5,7,7,7,7,7,6,2,5,2,3,7,Martina,False,False,False,True,False,Ja,True,False,Nein,False,True,4,100,7,7,6,6,7,5,6,5,7,7,5,6,5,6,5,5,6,6,5,7,7,7,7,7,5,1,2,2,2,7,Mathias,False,False,False,False,True,Nein,False,True,Nein,False,True,3,100,7,7,7,7,6,4,5,5,5,7,5,5,5,6,5,5,4,4,5,6,7,7,7,7,5,1,2,1,1,7,,,,,,,,,,,,,,,,,,,,,,0.45,0.0,0.5,0,0.475,Session 1
Maria,57,Frau,False,True,False,False,False,3,3,3,3,1,2,Mathias,False,False,False,False,True,Nein,False,True,Ja,True,False,3,80,5,5,6,6,6,4,3,3,3,6,4,4,4,5,6,3,3,4,4,6,6,6,6,6,6,6,6,5,7,6,Amina,True,False,False,False,False,Ja,True,False,Ja,True,False,4,80,6,6,6,6,6,5,5,5,5,6,5,5,5,5,6,5,5,5,5,6,6,6,6,6,6,6,6,6,6,6,Martina,False,False,False,True,False,Nein,False,True,Ja,True,False,2,80,6,6,6,6,6,3,3,3,3,6,4,4,2,4,6,2,4,2,4,6,6,6,6,6,6,2,4,6,6,6,,,,,,,,,,,,,,,,,,,,,,0.4,0.0,0.2,1,0.30000000000000004,Session 1
Dirty Harry,62,Mann,True,False,False,False,False,3,3,3,3,1,3,Aylin,False,True,False,False,False,Nein,False,True,Nein,False,True,4,70,7,7,7,7,7,7,4,4,4,4,4,5,5,6,5,4,5,5,4,5,7,7,7,7,7,4,4,4,4,7,Mathias,False,False,False,False,True,Ja,True,False,Nein,False,True,1,90,7,7,7,7,7,4,4,4,4,4,1,3,3,5,5,3,4,4,4,5,7,7,7,7,7,1,1,1,1,7,Amina,True,False,False,False,False,Nein,False,True,Nein,False,True,1,100,7,7,7,7,7,3,3,3,3,3,1,3,3,4,4,3,3,3,4,7,7,7,7,7,7,2,3,1,3,7,,,,,,,,,,,,,,,,,,,,,,0.5249999999999999,0.0,0.0,0,0.26249999999999996,Session 1
woop woop,21,Frau,False,True,False,False,False,4,3,1,1,1,4,Lena,False,False,True,False,False,Nein,False,True,Ja,True,False,4,10,6,6,5,6,6,4,4,3,4,6,4,5,6,4,5,5,4,4,5,6,6,6,6,6,6,5,6,5,2,6,Amina,True,False,False,False,False,Nein,False,True,Ja,True,False,3,20,6,6,6,6,6,4,4,3,4,6,4,4,4,4,6,4,4,4,5,6,6,6,6,6,6,5,6,5,2,6,Mathias,False,False,False,False,True,Ja,True,False,Ja,True,False,3,10,6,6,6,6,6,4,4,3,4,6,4,5,5,4,6,4,4,4,5,6,6,6,6,6,6,5,6,5,2,6,,,,,,,,,,,,,,,,,,,,,,0.07500000000000001,0.1,0.0,1,0.08750000000000001,Session 1
Maxi,21,Mann,True,False,False,False,False,4,3,2,2,1,3,Martina,False,False,False,True,False,Nein,False,True,Nein,False,True,4,80,5,6,7,6,6,6,5,5,5,7,4,6,5,6,6,7,6,6,6,6,7,7,7,7,7,5,5,3,4,7,Amina,True,False,False,False,False,Ja,True,False,Nein,False,True,4,80,6,7,6,6,6,6,5,6,5,7,5,6,5,6,6,7,6,6,6,7,7,7,7,7,7,4,4,6,5,6,Aylin,False,True,False,False,False,Nein,False,True,Nein,False,True,4,80,6,7,6,6,6,6,5,6,5,7,5,6,5,6,6,6,5,5,6,6,7,7,7,7,7,5,5,4,5,6,,,,,,,,,,,,,,,,,,,,,,0.6000000000000001,0.0,0.6000000000000001,0,0.6000000000000001,Session 1
Min,22,Frau,False,True,False,False,False,2,2,3,2,1,3,Lena,False,False,True,False,False,Nein,False,True,Ja,True,False,3,65,6,4,5,5,5,6,4,2,4,4,3,4,5,4,6,6,5,4,5,7,7,7,7,7,6,6,4,4,2,5,Mathias,False,False,False,False,True,Nein,False,True,Ja,True,False,2,80,6,6,6,6,6,5,4,3,3,7,3,3,5,4,6,4,5,4,4,7,7,7,7,7,6,6,4,4,2,6,Amina,True,False,False,False,False,Ja,True,False,Ja,True,False,4,70,7,7,7,7,7,5,4,5,5,7,4,5,4,4,6,3,3,4,4,7,7,7,7,7,6,5,4,4,2,6,,,,,,,,,,,,,,,,,,,,,,0.325,0.2,0.0,1,0.2625,Session 1
Vespafahrer,22,Mann,True,False,False,False,False,4,3,3,3,1,3,Amina,True,False,False,False,False,Nein,False,True,Nein,False,True,4,70,5,6,6,6,5,5,5,5,6,5,4,4,5,4,5,5,5,6,5,4,6,6,6,7,6,4,4,5,5,5,Aylin,False,True,False,False,False,Ja,True,False,Nein,False,True,4,75,7,7,7,7,6,6,6,5,6,6,3,6,5,4,5,4,5,5,5,5,6,6,5,6,5,5,4,5,5,4,Mathias,False,False,False,False,True,Nein,False,True,Nein,False,True,3,80,7,7,7,7,6,6,6,6,5,5,4,6,6,5,5,5,6,5,6,5,7,6,6,6,5,3,4,4,4,4,,,,,,,,,,,,,,,,,,,,,,0.5249999999999999,0.0,0.4,0,0.46249999999999997,Session 1
Jessi,22,Frau,False,True,False,False,False,5,4,4,4,3,5,Mathias,False,False,False,False,True,Ja,True,False,Ja,True,False,5,90,7,7,7,7,7,6,6,6,7,7,5,5,5,3,6,6,6,6,7,7,7,7,7,7,5,6,7,7,4,7,Martina,False,False,False,True,False,Nein,False,True,Ja,True,False,4,70,7,7,7,7,7,6,5,6,3,7,7,7,6,6,7,5,5,5,6,7,7,7,7,7,7,7,7,5,5,5,Amina,True,False,False,False,False,Nein,False,True,Ja,True,False,2,90,7,7,7,7,7,3,3,3,5,7,6,5,3,7,7,3,3,3,3,7,7,6,6,7,7,6,6,6,3,6,,,,,,,,,,,,,,,,,,,,,,0.0,0.5249999999999999,0.225,1,0.37499999999999994,Session 1
Amalia ,25,Frau,False,True,False,False,False,3,3,2,2,1,5,Lena,False,False,True,False,False,Ja,True,False,Ja,True,False,4,80,7,7,5,6,5,7,5,6,5,7,6,6,4,4,3,5,4,5,6,7,6,7,7,7,6,4,4,3,5,7,Amina,True,False,False,False,False,Nein,False,True,Ja,True,False,4,85,5,5,5,5,5,5,3,6,3,7,3,4,4,5,4,4,4,4,6,7,7,7,7,7,5,2,4,3,4,7,Aylin,False,True,False,False,False,Nein,False,True,Ja,True,False,4,80,7,6,5,5,5,5,4,5,4,7,5,4,4,4,4,4,4,6,4,7,7,7,7,7,6,4,4,5,5,7,,,,,,,,,,,,,,,,,,,,,,0.0,0.6375,0.6000000000000001,1,0.61875,Session 1
Soxi,28,Frau,False,True,False,False,False,5,5,4,5,3,4,Martina,False,False,False,True,False,Nein,False,True,Ja,True,False,3,70,7,7,7,6,7,7,7,5,6,7,6,7,7,4,7,7,7,6,5,7,7,7,7,7,7,4,4,4,4,7,Amina,True,False,False,False,False,Nein,False,True,Ja,True,False,3,100,7,7,7,7,7,4,7,6,5,7,7,7,7,5,7,4,5,5,5,7,7,7,7,7,7,7,4,7,4,7,Lena,False,False,True,False,False,Ja,True,False,Ja,True,False,5,100,7,7,7,7,7,7,7,7,7,7,7,7,7,7,7,7,7,7,7,7,7,7,7,7,7,7,7,7,7,7,,,,,,,,,,,,,,,,,,,,,,0.35,0.5,0.0,1,0.425,Session 1
Steffi,31,Frau,False,True,False,False,False,2,1,1,1,1,3,Mathias,False,False,False,False,True,Ja,True,False,Nein,False,True,3,60,4,4,5,5,5,3,2,3,1,7,3,4,4,2,4,5,3,4,3,7,7,5,6,6,6,1,2,2,1,7,Lena,False,False,True,False,False,Nein,False,True,Nein,False,True,4,70,5,5,4,5,6,5,3,5,3,7,4,3,4,2,5,5,3,4,2,7,6,6,5,5,5,1,2,1,1,7,Amina,True,False,False,False,False,Nein,False,True,Nein,False,True,1,70,5,4,4,5,6,1,1,2,2,7,3,2,2,1,5,1,1,2,2,7,6,7,6,7,6,1,1,1,1,7,,,,,,,,,,,,,,,,,,,,,,0.0,0.5249999999999999,0.0,0,0.26249999999999996,Session 1
Bless,63,Mann,True,False,False,False,False,4,2,4,2,1,2,Aylin,False,True,False,False,False,Nein,False,True,Ja,True,False,5,90,6,7,7,7,5,6,7,5,6,6,6,6,6,6,6,7,7,6,6,6,6,6,6,6,6,2,4,5,7,6,Lena,False,False,True,False,False,Nein,False,True,Ja,True,False,4,90,6,7,6,7,6,6,6,7,5,6,6,6,7,5,6,6,6,6,6,6,7,6,7,6,6,2,4,5,5,6,Amina,True,False,False,False,False,Ja,True,False,Ja,True,False,4,90,7,6,6,6,6,7,6,6,5,6,7,7,6,5,6,7,6,6,6,6,6,6,6,6,6,3,3,4,6,6,,,,,,,,,,,,,,,,,,,,,,0.9,0.675,0.0,1,0.7875000000000001,Session 1
Sylvie,57,Frau,False,True,False,False,False,5,4,3,2,1,3,Lena,False,False,True,False,False,Nein,False,True,Nein,False,True,5,90,7,7,1,1,6,6,7,7,7,7,7,7,7,7,7,7,7,7,7,7,7,7,7,7,7,4,4,4,4,4,Aylin,False,True,False,False,False,Nein,False,True,Nein,False,True,5,90,7,7,7,7,4,7,5,5,5,5,7,7,7,7,4,7,7,7,7,5,7,7,7,7,5,4,4,4,4,4,Mathias,False,False,False,False,True,Ja,True,False,Nein,False,True,5,90,7,7,7,7,7,7,5,5,5,5,5,5,5,5,5,7,5,5,5,5,7,7,7,7,7,5,5,5,5,5,,,,,,,,,,,,,,,,,,,,,,0.9,0.9,0.0,0,0.9,Session 1
Piet,25,Mann,True,False,False,False,False,5,4,5,4,4,5,Mathias,False,False,False,False,True,Nein,False,True,Ja,True,False,5,100,7,7,7,7,7,7,7,7,7,7,5,7,7,6,7,7,7,7,7,7,7,7,7,7,7,4,4,4,4,7,Lena,False,False,True,False,False,Nein,False,True,Ja,True,False,5,100,7,7,7,7,7,7,7,7,7,7,5,7,7,5,7,7,7,7,7,7,7,7,7,7,7,4,4,4,4,7,Aylin,False,True,False,False,False,Ja,True,False,Ja,True,False,5,100,7,7,7,7,7,7,7,7,7,7,5,7,7,5,7,7,7,7,7,7,7,7,7,7,7,4,4,4,4,7,,,,,,,,,,,,,,,,,,,,,,1.0,1.0,0.0,1,1.0,Session 1
Preta,52,Frau,False,True,False,False,False,5,3,4,3,3,5,Aylin,False,True,False,False,False,Ja,True,False,Ja,True,False,4,90,5,5,5,5,5,5,5,5,5,5,6,6,5,5,5,6,6,6,5,5,5,5,5,5,5,6,4,5,5,5,Amina,True,False,False,False,False,Nein,False,True,Ja,True,False,3,90,5,5,5,5,5,5,6,5,5,5,5,5,4,5,5,5,5,5,4,5,5,5,5,5,5,5,5,5,5,5,Lena,False,False,True,False,False,Nein,False,True,Ja,True,False,3,90,5,5,5,5,5,5,5,5,5,5,4,5,5,5,5,5,5,5,4,5,5,5,5,5,5,5,5,5,5,5,,,,,,,,,,,,,,,,,,,,,,0.0,0.45,0.45,1,0.45,Session 1
Xandi,56,Mann,True,False,False,False,False,5,3,3,3,1,3,Aylin,False,True,False,False,False,Nein,False,True,Nein,False,True,4,100,6,6,6,6,5,5,6,6,5,6,5,6,6,5,6,6,6,6,5,6,6,5,5,5,6,3,3,5,4,5,Lena,False,False,True,False,False,Nein,False,True,Nein,False,True,4,100,6,6,6,5,6,6,6,6,6,6,5,6,5,5,5,6,5,5,4,6,6,5,5,5,5,4,4,5,4,5,Martina,False,False,False,True,False,Ja,True,False,Nein,False,True,5,100,6,6,6,6,6,7,7,7,6,6,7,6,6,6,6,7,7,7,6,6,6,6,6,6,6,5,5,5,5,5,,,,,,,,,,,,,,,,,,,,,,0.75,0.75,0.0,0,0.75,Session 1
Steidl Bua,69,Mann,True,False,False,False,False,5,5,4,4,2,3,Aylin,False,True,False,False,False,Ja,True,False,Ja,True,False,5,90,7,7,7,7,6,7,7,7,7,6,7,7,7,7,6,7,7,7,7,6,6,6,6,6,6,3,3,5,5,7,Amina,True,False,False,False,False,Nein,False,True,Ja,True,False,3,80,7,7,4,4,6,4,4,4,4,6,6,6,6,6,6,4,4,5,6,6,6,6,6,6,6,4,4,4,4,6,Mathias,False,False,False,False,True,Nein,False,True,Ja,True,False,4,90,7,7,7,7,7,7,7,7,7,7,7,7,7,7,7,6,6,6,6,6,7,7,7,7,6,5,5,6,6,6,,,,,,,,,,,,,,,,,,,,,,0.0,0.4,0.675,1,0.5375000000000001,Session 1
GEILSTER MENSCH AUF DER WELT,22,Mann,True,False,False,False,False,4,4,2,2,1,3,Mathias,False,False,False,False,True,Nein,False,True,Nein,False,True,2,85,7,7,7,6,6,4,3,5,6,6,5,5,5,6,6,3,4,4,5,5,7,7,7,7,7,3,5,5,4,6,Lena,False,False,True,False,False,Nein,False,True,Nein,False,True,4,95,6,7,7,7,7,7,7,6,6,7,6,6,6,7,7,7,6,7,6,7,5,5,6,5,6,6,6,5,6,7,Aylin,False,True,False,False,False,Ja,True,False,Nein,False,True,4,85,6,6,6,6,7,5,6,5,6,7,5,5,4,5,6,5,5,5,6,6,6,6,7,7,6,6,5,6,6,6,,,,,,,,,,,,,,,,,,,,,,0.2125,0.7124999999999999,0.0,0,0.46249999999999997,Session 1
Günter,32,Mann,True,False,False,False,False,4,4,5,4,1,4,Mathias,False,False,False,False,True,Nein,False,True,Ja,True,False,3,70,5,7,7,7,6,5,5,6,5,7,6,5,6,4,7,5,6,6,5,7,5,5,6,5,6,4,5,5,3,5,Amina,True,False,False,False,False,Nein,False,True,Ja,True,False,3,80,7,7,7,7,7,5,4,5,3,7,6,6,5,3,6,5,5,4,3,6,6,6,5,5,6,5,5,5,3,4,Aylin,False,True,False,False,False,Ja,True,False,Ja,True,False,4,70,7,7,7,7,6,6,6,6,4,7,6,6,5,4,6,6,5,5,4,6,6,5,5,6,6,5,6,5,3,5,,,,,,,,,,,,,,,,,,,,,,0.35,0.4,0.0,1,0.375,Session 1
mar,19,Female,,,,False,,5,2,2,2,1,2,Martina,False,False,False,True,False,no,,,yes,,,3,70,5,6,6,5,5,4,5,4,5,6,5,4,4,4,3,3,4,5,6,7,6,6,6,6,3,2,2,4,3,7,Aylin,False,True,False,False,False,no,,,yes,,,2,80,5,6,5,4,6,3,3,3,4,6,5,4,4,3,4,3,4,3,4,7,6,6,6,6,3,3,3,3,3,7,Amina,True,False,False,False,False,yes,,,yes,,,3,70,6,5,5,4,4,2,3,5,3,6,3,4,3,3,3,5,3,3,5,7,6,6,6,6,4,2,2,2,4,7,False,True,False,False,False,True,True,False,False,True,True,False,True,False,True,False,,,,,,0.35,0.2,0.0,1,0.275,Session 1
LK,23,Female,,,,False,,3,2,3,2,1,2,Aylin,False,True,False,False,False,yes,,,yes,,,3,90,7,7,7,7,7,5,5,4,4,7,3,4,4,3,4,5,5,5,4,7,7,7,7,7,6,4,4,4,4,7,Lena,False,False,True,False,False,no,,,yes,,,3,95,7,6,6,6,6,5,5,4,5,7,2,4,4,3,4,5,5,5,4,5,7,7,7,7,7,4,4,4,4,7,Amina,True,False,False,False,False,no,,,yes,,,3,95,7,7,7,7,7,5,5,4,4,7,2,4,4,3,4,5,5,5,4,5,7,7,7,7,7,4,4,4,4,7,False,True,False,False,True,False,True,False,False,True,True,False,False,True,True,False,,,,,,0.0,0.475,0.475,1,0.475,Session 1
Tita,60,mujer,,,,,,3,3,1,2,1,1,Amina,True,False,False,False,False,Nein,False,True,Nein,False,True,2,95,7,4,4,4,4,5,5,5,2,3,4,3,3,3,2,4,4,4,2,2,4,4,4,4,4,6,4,3,4,2,Lena,False,False,True,False,False,Nein,False,True,Nein,False,True,3,95,6,5,5,5,3,5,5,5,2,2,4,3,3,3,6,5,5,4,4,3,4,4,4,4,2,5,4,4,4,2,Mathias,False,False,False,False,True,Ja,True,False,Nein,False,True,3,95,6,5,5,5,3,5,5,5,2,3,4,3,3,3,2,4,4,4,3,2,4,4,4,4,2,4,4,3,4,2,,,,,,,,,,,,,,,,,False,True,False,False,False,0.2375,0.475,0.0,0,0.35624999999999996,Session 1
