Submission ID,Respondent ID,nickname,usefulness,acceptability,usefulness (mental health),acceptability (mental health),frequency (mental health),frequency,case (round 1),case (round 1) (Amina),case (round 1) (Aylin),case (round 1) (Lena),case (round 1) (Martina),case (round 1) (Mathias),correctness (round 1),correctness (round 1) (Ja),correctness (round 1) (Nein),disclaimer (round 1),disclaimer (round 1) (Ja),disclaimer (round 1) (Nein),rating (round 1),confidence (round 1),intuitive use - difficult <> easy (round 1),intuitive use - illogical <> logical (round 1),intuitive use - not plausible <> plausible (round 1),intuitive use - inconclusive <> conclusive (round 1),intuitive use - importance (round 1),trustworthiness of content - useless <> useful (round 1),trustworthiness of content - implausible <> plausible (round 1),trustworthiness of content - untrustworthy <> trustworthy (round 1),trustworthiness of content - inaccurate <> accurate (round 1),trustworthiness of content - importance (round 1),response behavior - artificial <> natural (round 1),response behavior - unpleasant <> pleasant (round 1),response behavior - unlikeable <> likeable (round 1),response behavior - boring <> entertaining (round 1),response behavior - importance (round 1),response quality - inappropriate <> appropriate (round 1),response quality - useless <> useful (round 1),response quality - not helpful <> helpful (round 1),response quality - unintelligent <> intelligent (round 1),response quality - importance (round 1),clarity - poorly grouped <> well grouped (round 1),clarity - unstructured <> structured (round 1),clarity - disordered <> ordered (round 1),clarity - disorganized <> organized (round 1),clarity - importance (round 1),risk handling - hardly apparent <> easily apparent (round 1),risk handling - not fed back in a timely manner <> fed back in a timely manner (round 1),risk handling - indicated in a manner which is difficult to understand <> indicated in a manner which is easy to understand (round 1),risk handling - unstoppable <> stoppable (round 1),risk handling - importance (round 1),case (round 2),case (round 2) (Amina),case (round 2) (Aylin),case (round 2) (Lena),case (round 2) (Martina),case (round 2) (Mathias),correctness (round 2),correctness (round 2) (Ja),correctness (round 2) (Nein),disclaimer (round 2),disclaimer (round 2) (Ja),disclaimer (round 2) (Nein),rating (round 2),confidence (round 2),intuitive use - difficult <> easy (round 2),intuitive use - illogical <> logical (round 2),intuitive use - not plausible <> plausible (round 2),intuitive use - inconclusive <> conclusive (round 2),intuitive use - importance (round 2),trustworthiness of content - useless <> useful (round 2),trustworthiness of content - implausible <> plausible (round 2),trustworthiness of content - untrustworthy <> trustworthy (round 2),trustworthiness of content - inaccurate <> accurate (round 2),trustworthiness of content - importance (round 2),response behavior - artificial <> natural (round 2),response behavior - unpleasant <> pleasant (round 2),response behavior - unlikeable <> likeable (round 2),response behavior - boring <> entertaining (round 2),response behavior - importance (round 2),response quality - inappropriate <> appropriate (round 2),response quality - useless <> useful (round 2),response quality - not helpful <> helpful (round 2),response quality - unintelligent <> intelligent (round 2),response quality - importance (round 2),clarity - poorly grouped <> well grouped (round 2),clarity - unstructured <> structured (round 2),clarity - disordered <> ordered (round 2),clarity - disorganized <> organized (round 2),clarity - importance (round 2),risk handling - hardly apparent <> easily apparent (round 2),risk handling - not fed back in a timely manner <> fed back in a timely manner (round 2),risk handling - indicated in a manner which is difficult to understand <> indicated in a manner which is easy to understand (round 2),risk handling - unstoppable <> stoppable (round 2),risk handling - importance (round 2),case (round 3),case (round 3) (Amina),case (round 3) (Aylin),case (round 3) (Lena),case (round 3) (Martina),case (round 3) (Mathias),correctness (round 3),correctness (round 3) (Ja),correctness (round 3) (Nein),disclaimer (round 3),disclaimer (round 3) (Ja),disclaimer (round 3) (Nein),rating (round 3),confidence (round 3),intuitive use - difficult <> easy (round 3),intuitive use - illogical <> logical (round 3),intuitive use - not plausible <> plausible (round 3),intuitive use - inconclusive <> conclusive (round 3),intuitive use - importance (round 3),trustworthiness of content - useless <> useful (round 3),trustworthiness of content - implausible <> plausible (round 3),trustworthiness of content - untrustworthy <> trustworthy (round 3),trusworthiness of content - inaccurate <> accurate (round 3),trustworthiness of content - importance (round 3),response behavior - artificial <> natural (round 3),response behavior - unpleasant <> pleasant (round 3),response behavior - unlikeable <> likeable (round 3),response behavior - boring <> entertaining (round 3),response behavior - importance (round 3),response quality - inappropriate <> appropriate (round 3),response quality - useless <> useful (round 3),response quality - not helpful <> helpful (round 3),response quality - unintelligent <> intelligent (round 3),response quality - importance (round 3),clarity - poorly grouped <> well grouped (round 3),clarity - unstructured <> structured (round 3),clarity - disordered <> ordered (round 3),clarity - disorganized <> organized (round 3),clarity - importance (round 3),risk handling - hardly apparent <> easily apparent (round 3),risk handling - not fed back in a timely manner <> fed back in a timely manner (round 3),risk handling - indicated in a manner which is difficult to understand <> indicated in a manner which is easy to understand (round 3),risk handling - unstoppable <> stoppable (round 3),risk handling - importance (round 3),correctness (round 1) (yes),correctness (round 1) (no),disclaimer (round 1) (yes),disclaimer (round 1) (no),correctness (round 2) (yes),correctness (round 2) (no),disclaimer (round 2) (yes),disclaimer (round 2) (no),correctness (round 3) (yes),correctness (round 3) (no),disclaimer (round 3) (yes),disclaimer (round 3) (no),What is your age?,Which gender do you identify with?,bias rating (1),bias rating (2),bias rating (3),DISCLAIMER,bias_mean,session
OQA7vEY,D4ZeWLl,VJ,5,4,4,2,1,5,Martina,False,False,False,True,False,Ja,True,False,Nein,False,True,4,100,7,7,7,7,5,5,6,6,5,7,6,6,4,1,5,5,6,6,4,7,7,7,7,7,5,2,2,1,1,7,Mathias,False,False,False,False,True,Nein,False,True,Nein,False,True,1,100,7,7,7,7,5,1,1,1,3,7,5,1,2,1,6,1,2,2,1,7,7,7,7,7,6,1,1,1,1,7,Lena,False,False,True,False,False,Nein,False,True,Nein,False,True,4,100,7,7,7,7,6,6,7,4,6,6,7,7,5,5,5,5,5,5,6,7,7,7,7,7,7,4,2,2,4,7,,,,,,,,,,,,,,,0.0,0.0,0.75,0,0.75,Session 2
J12ONOX,PdG04VP,Steffi,2,1,1,1,1,3,Mathias,False,False,False,False,True,Nein,False,True,Nein,False,True,2,80,6,5,6,7,5,3,1,2,2,7,5,3,3,2,5,2,1,3,1,6,6,5,6,6,5,1,2,2,4,7,Aylin,False,True,False,False,False,Ja,True,False,Nein,False,True,3,90,6,6,7,6,6,2,1,2,3,7,5,4,4,2,5,3,2,3,4,6,6,7,6,6,5,1,2,1,3,7,Martina,False,False,False,True,False,Nein,False,True,Nein,False,True,3,90,6,6,6,7,5,3,2,2,3,7,4,3,3,2,5,3,2,3,2,6,7,6,7,6,5,1,1,1,3,7,,,,,,,,,,,,,,,0.2,0.0,0.45,0,0.325,Session 2
dbYdZlq,EkN09DN,Amalia,4,4,5,2,1,5,Martina,False,False,False,True,False,Ja,True,False,Nein,False,True,3,67,4,4,3,5,4,3,5,6,2,7,3,6,5,1,7,4,4,4,3,7,5,5,7,3,4,3,4,3,3,7,Mathias,False,False,False,False,True,Nein,False,True,Nein,False,True,2,50,7,6,6,5,5,5,3,6,2,7,2,4,6,4,5,4,3,4,5,5,7,5,2,3,4,4,3,4,4,7,Amina,True,False,False,False,False,Nein,False,True,Nein,False,True,2,50,3,4,4,4,5,4,3,4,3,7,3,4,4,3,5,4,4,5,5,5,3,3,3,2,7,5,4,3,4,7,,,,,,,,,,,,,,,0.0,0.125,0.125,0,0.125,Session 2
e5B24vq,7RaaeRR,Maxi,4,3,3,2,1,3,Aylin,False,True,False,False,False,Ja,True,False,Nein,False,True,4,80,7,7,7,6,7,6,4,5,5,7,5,6,6,6,6,6,5,5,4,7,7,7,7,7,7,3,4,6,5,7,Lena,False,False,True,False,False,Nein,False,True,Nein,False,True,4,80,7,7,7,6,7,6,5,4,5,7,6,6,4,5,6,6,5,6,5,7,7,7,7,7,7,4,4,3,5,7,Mathias,False,False,False,False,True,Nein,False,True,Nein,False,True,2,90,7,7,7,6,7,3,4,5,2,7,4,5,4,6,6,3,2,2,3,7,7,7,7,7,7,5,3,3,3,7,,,,,,,,,,,,,,,0.0,0.6000000000000001,0.225,0,0.41250000000000003,Session 2
zEKrx9g,7RaaeRR,min,3,2,2,2,1,3,Lena,False,False,True,False,False,Ja,True,False,Nein,False,True,3,100,6,6,5,6,6,5,4,4,4,7,4,5,5,3,5,5,5,4,5,5,6,6,6,6,6,5,4,4,3,6,Aylin,False,True,False,False,False,Nein,False,True,Nein,False,True,4,90,6,6,6,6,6,5,4,4,5,7,5,5,5,4,6,5,4,4,4,5,6,6,6,6,5,5,5,5,5,6,Martina,False,False,False,True,False,Nein,False,True,Nein,False,True,4,95,6,6,6,6,6,5,5,5,4,7,4,5,5,4,6,6,4,4,4,6,6,6,6,6,6,5,5,4,4,7,,,,,,,,,,,,,,,0.0,0.675,0.7124999999999999,0,0.69375,Session 2
DqVANpR,7RaaeRR,woop woop,4,2,1,1,1,4,Mathias,False,False,False,False,True,Nein,False,True,Nein,False,True,2,10,6,6,6,6,6,4,3,4,4,6,5,5,5,4,6,4,4,4,4,6,6,6,6,6,6,2,2,4,6,6,Aylin,False,True,False,False,False,Nein,False,True,Nein,False,True,2,10,6,6,6,6,6,4,3,4,4,6,5,5,5,4,6,4,4,4,4,6,6,6,6,6,6,2,2,2,6,6,Martina,False,False,False,True,False,Ja,True,False,Nein,False,True,2,10,6,6,6,6,6,4,3,4,4,6,5,5,5,5,6,4,4,4,4,6,6,6,6,6,6,2,2,2,6,6,,,,,,,,,,,,,,,0.025,0.025,0.0,0,0.025,Session 2
GerXLL2,7RaaeRR,Catarina,4,2,2,2,1,4,Amina,True,False,False,False,False,Nein,False,True,Nein,False,True,2,90,7,7,7,7,7,2,6,2,2,7,7,7,5,6,6,2,2,2,2,7,7,7,7,7,6,6,6,6,3,7,Aylin,False,True,False,False,False,Ja,True,False,Nein,False,True,4,70,7,7,7,7,7,5,5,5,3,7,5,7,7,7,6,3,5,5,5,7,7,7,7,7,6,3,6,6,3,7,Lena,False,False,True,False,False,Nein,False,True,Nein,False,True,1,90,7,7,7,7,6,2,2,2,2,7,7,7,5,7,6,3,2,2,2,7,7,7,7,7,7,3,6,6,2,7,,,,,,,,,,,,,,,0.225,0.0,0.0,0,0.225,Session 2
BEGe7VN,7RaaeRR,Xandi,3,3,2,2,1,2,Aylin,False,True,False,False,False,Nein,False,True,Nein,False,True,3,100,6,5,5,4,4,4,5,4,4,4,5,5,5,5,4,5,4,4,5,4,5,5,5,5,4,4,4,4,5,4,Amina,True,False,False,False,False,Nein,False,True,Nein,False,True,2,100,4,3,3,3,3,2,2,1,2,2,3,3,3,3,3,2,2,2,3,2,4,4,4,5,3,6,4,4,4,3,Mathias,False,False,False,False,True,Ja,True,False,Nein,False,True,4,100,5,5,5,5,5,6,5,4,5,4,5,5,5,5,5,4,5,5,5,5,5,5,5,5,5,4,4,4,4,3,,,,,,,,,,,,,,,0.5,0.25,0.0,0,0.375,Session 2
QoA4z4X,7RaaeRR,Preta,4,4,4,4,3,5,Lena,False,False,True,False,False,Nein,False,True,Nein,False,True,3,95,6,5,6,4,6,5,5,5,5,5,5,5,5,5,5,4,4,4,4,5,5,5,5,5,5,5,5,5,5,5,Martina,False,False,False,True,False,Nein,False,True,Nein,False,True,4,95,6,6,6,6,5,6,6,6,6,6,5,6,5,5,6,5,5,5,5,6,6,6,6,6,6,5,5,5,5,6,Mathias,False,False,False,False,True,Ja,True,False,Nein,False,True,3,95,6,6,6,5,6,5,5,5,5,6,5,5,5,5,6,5,5,5,5,6,5,5,5,5,6,4,4,4,4,6,,,,,,,,,,,,,,,0.475,0.7124999999999999,0.0,0,0.59375,Session 2
gb5zOel,7RaaeRR,Vespafahrer,4,4,3,4,1,3,Martina,False,False,False,True,False,Nein,False,True,Nein,False,True,4,100,5,6,5,4,4,4,5,6,5,4,3,4,5,5,4,5,5,5,6,5,6,7,6,6,4,5,4,4,4,4,Amina,True,False,False,False,False,Ja,True,False,Nein,False,True,3,100,6,5,6,5,5,5,4,5,4,4,5,4,5,5,4,4,3,4,6,5,6,6,5,6,5,5,5,3,4,5,Lena,False,False,True,False,False,Nein,False,True,Nein,False,True,3,100,5,6,6,6,6,4,5,5,4,4,6,6,5,5,5,3,4,4,4,4,6,6,6,6,6,6,5,5,5,5,,,,,,,,,,,,,,,0.75,0.0,0.5,0,0.625,Session 2
laN4rZV,7RaaeRR,Jessi,5,4,5,2,4,5,Amina,True,False,False,False,False,Ja,True,False,Nein,False,True,5,90,7,7,7,7,7,6,6,5,5,7,7,7,6,6,5,7,6,6,7,7,7,7,7,7,5,2,2,2,5,5,Lena,False,False,True,False,False,Nein,False,True,Nein,False,True,4,70,7,7,7,7,7,6,6,5,5,7,7,7,7,5,5,6,6,6,6,7,7,7,7,7,5,2,2,2,5,5,Aylin,False,True,False,False,False,Nein,False,True,Nein,False,True,4,60,7,7,7,7,7,5,5,5,6,7,6,6,5,5,5,5,6,6,5,7,7,7,7,7,5,2,2,2,5,5,,,,,,,,,,,,,,,0.0,0.5249999999999999,0.44999999999999996,0,0.48749999999999993,Session 2
vXNWy7D,dWkRq7o,Maria,3,3,3,3,2,2,Amina,True,False,False,False,False,Nein,False,True,Nein,False,True,3,90,6,7,6,6,6,5,5,4,4,6,4,4,4,4,6,5,5,5,5,6,6,6,6,6,6,3,4,5,5,6,Lena,False,False,True,False,False,Ja,True,False,Nein,False,True,4,90,7,7,7,7,6,5,5,5,5,6,6,6,6,6,6,6,6,6,6,6,7,7,7,7,6,3,3,3,3,6,Aylin,False,True,False,False,False,Nein,False,True,Nein,False,True,3,80,7,7,7,7,6,4,4,4,4,6,5,4,3,4,6,4,4,4,4,6,7,7,7,7,6,3,3,3,3,6,,,,,,,,,,,,,,,0.45,0.0,0.4,0,0.42500000000000004,Session 2
2j4VXEL,EkNaAQ2,Dirty Harry,3,3,1,1,1,2,Amina,True,False,False,False,False,Nein,False,True,Nein,False,True,1,100,7,7,7,7,7,1,1,1,1,7,1,1,1,3,2,1,1,1,1,7,7,7,7,7,7,3,1,1,1,7,Martina,False,False,False,True,False,Nein,False,True,Nein,False,True,1,100,7,7,7,7,7,1,1,1,1,7,1,1,1,1,7,1,1,1,1,7,7,7,7,7,7,1,1,1,1,7,Lena,False,False,True,False,False,Ja,True,False,Nein,False,True,1,100,7,7,7,7,7,1,1,1,1,7,1,1,1,1,1,1,1,1,1,7,7,7,7,7,7,1,1,1,1,7,,,,,,,,,,,,,,,0.0,0.0,0.0,0,,Session 2
xVdWPB9,7RaaeRR,Sina,4,3,3,1,1,4,Mathias,False,False,False,False,True,Nein,False,True,Nein,False,True,4,100,7,7,7,7,6,6,6,5,6,7,6,7,7,5,6,6,7,5,6,7,7,7,7,7,5,2,1,1,2,7,Aylin,False,True,False,False,False,Ja,True,False,Nein,False,True,3,90,7,7,7,7,6,5,5,5,4,7,6,6,5,4,5,6,5,5,5,7,6,7,6,7,6,2,1,1,2,7,Amina,True,False,False,False,False,Nein,False,True,Nein,False,True,2,100,7,7,7,7,6,5,5,3,5,7,6,5,4,5,6,3,4,4,4,6,7,7,7,7,6,1,1,1,1,7,,,,,,,,,,,,,,,0.75,0.0,0.25,0,0.5,Session 2
yXyZGoB,obkP865,Steidl Bua,5,5,4,5,3,4,Lena,False,False,True,False,False,Nein,False,True,Nein,False,True,5,90,7,7,7,7,7,6,6,7,7,7,7,7,7,7,7,7,7,7,7,7,7,7,7,7,7,5,5,5,5,6,Martina,False,False,False,True,False,Ja,True,False,Nein,False,True,4,90,6,7,7,7,6,7,7,7,6,6,7,7,7,7,6,7,7,7,7,6,6,6,7,7,6,6,5,6,6,6,Mathias,False,False,False,False,True,Nein,False,True,Nein,False,True,4,60,6,6,6,6,5,5,5,6,4,6,6,5,5,6,5,5,6,6,6,6,5,6,6,6,6,3,3,4,3,6,,,,,,,,,,,,,,,0.9,0.0,0.44999999999999996,0,0.675,Session 2
Z9Vlq5o,J9MqzAz,Soxi,5,5,5,5,4,4,Aylin,False,True,False,False,False,Nein,False,True,Nein,False,True,4,100,7,7,7,7,7,7,7,7,7,7,7,7,7,4,7,7,7,7,7,7,7,7,7,7,7,7,5,5,5,7,Amina,True,False,False,False,False,Nein,False,True,Nein,False,True,5,100,7,7,7,7,7,7,7,7,7,7,7,7,7,7,7,7,5,5,6,7,7,7,7,7,7,3,3,3,3,7,Mathias,False,False,False,False,True,Ja,True,False,Nein,False,True,5,100,7,7,7,7,7,7,7,7,7,7,7,7,7,7,7,7,7,7,7,7,7,7,7,7,7,4,4,4,4,7,,,,,,,,,,,,,,,0.75,1.0,0.0,0,0.875,Session 2
Ge1Dvx2,J9MqzAz,sylvie,5,3,3,3,1,3,Lena,False,False,True,False,False,Nein,False,True,Nein,False,True,3,80,7,6,6,6,5,6,6,6,6,5,2,5,3,2,4,5,5,5,5,4,6,6,6,6,4,2,2,2,4,4,Martina,False,False,False,True,False,Ja,True,False,Nein,False,True,3,80,5,5,5,5,4,5,5,4,4,4,2,3,3,3,4,5,5,5,5,4,5,5,5,5,4,2,2,2,4,4,Amina,True,False,False,False,False,Nein,False,True,Nein,False,True,3,80,5,5,5,5,4,4,4,4,4,4,2,2,2,2,4,4,4,4,4,4,3,4,4,4,4,2,2,2,2,4,,,,,,,,,,,,,,,0.4,0.0,0.4,0,0.4,Session 2
X5GYLVO,J9MqzAz,Piet,5,4,5,3,3,5,Martina,False,False,False,True,False,Nein,False,True,Nein,False,True,4,100,7,7,7,7,7,6,7,6,7,7,4,6,6,6,6,6,6,6,6,7,6,6,6,6,7,4,4,4,4,7,Aylin,False,True,False,False,False,Ja,True,False,Nein,False,True,4,100,7,7,7,7,7,6,6,6,6,7,5,6,5,6,7,6,6,6,6,7,7,6,6,6,7,4,4,4,4,7,Amina,True,False,False,False,False,Nein,False,True,Nein,False,True,3,100,7,7,7,7,7,5,5,5,6,7,4,5,6,5,7,2,3,3,3,7,6,6,6,6,7,4,4,4,4,7,,,,,,,,,,,,,,,0.75,0.0,0.5,0,0.625,Session 2
aOxE2D9,J9MqzAz,Bless,3,3,3,3,2,2,Amina,True,False,False,False,False,Nein,False,True,Nein,False,True,4,90,5,5,6,6,5,5,5,5,5,5,5,5,5,5,6,5,5,5,5,5,6,5,6,5,5,5,5,5,5,5,Mathias,False,False,False,False,True,Nein,False,True,Nein,False,True,4,80,5,4,5,5,5,5,5,5,5,5,5,6,5,6,5,5,5,5,5,6,5,5,5,5,5,5,5,5,5,6,Martina,False,False,False,True,False,Ja,True,False,Nein,False,True,4,90,6,5,6,5,5,6,5,6,5,6,5,5,5,5,5,5,6,5,5,5,5,6,5,5,5,5,5,5,5,6,,,,,,,,,,,,,,,0.675,0.6000000000000001,0.0,0,0.6375000000000001,Session 2
o9BdBAO,J9MqzAz,Günter,4,4,4,4,1,4,Martina,False,False,False,True,False,Ja,True,False,Nein,False,True,4,70,6,5,6,6,6,6,6,5,5,6,5,4,4,4,5,5,5,6,6,5,5,5,6,5,6,3,3,3,4,5,Amina,True,False,False,False,False,Nein,False,True,Nein,False,True,3,80,6,5,5,5,6,5,5,5,3,6,4,4,3,2,5,4,3,4,3,6,5,5,5,5,6,2,2,1,3,3,Lena,False,False,True,False,False,Nein,False,True,Nein,False,True,3,80,5,5,5,5,6,5,5,6,6,6,4,4,3,3,5,5,5,5,4,6,5,5,5,5,6,2,2,1,3,5,,,,,,,,,,,,,,,0.0,0.4,0.4,0,0.4,Session 2
YjZX4e6,D4ZyG6X,LK,3,3,4,3,1,3,Lena,False,False,True,False,False,yes,,,no,,,3,95,7,7,7,7,7,5,5,4,4,7,2,4,4,4,2,4,5,5,4,7,7,7,7,7,7,4,4,4,4,7,Mathias,False,False,False,False,True,no,,,no,,,2,95,7,7,7,7,7,3,4,3,4,7,2,4,4,4,4,4,4,3,4,6,7,7,7,7,7,5,4,4,4,7,Martina,False,False,False,True,False,no,,,no,,,3,95,7,7,7,7,7,4,5,4,4,7,2,4,4,4,4,5,5,5,4,7,7,7,7,7,7,5,4,4,3,4,True,False,False,True,False,True,False,True,False,True,False,True,23.0,Female,0.0,0.2375,0.475,0,0.35624999999999996,Session 2
jeMa80Q,obkP865,mar,4,2,3,2,1,2,Mathias,False,False,False,False,True,no,,,no,,,4,70,6,5,5,5,3,5,5,5,5,5,4,4,4,4,5,5,5,5,4,6,7,6,6,6,4,2,3,4,6,7,Aylin,False,True,False,False,False,yes,,,no,,,3,50,6,6,5,4,4,4,5,5,5,5,4,4,4,4,4,5,5,4,4,6,6,6,5,5,4,2,4,5,5,7,Lena,False,False,True,False,False,no,,,no,,,4,70,5,5,5,5,4,5,5,4,5,6,5,5,5,4,5,5,5,5,5,6,5,5,4,5,5,3,4,5,4,6,False,True,False,True,True,False,False,True,False,True,False,True,19.0,Female,0.5249999999999999,0.0,0.5249999999999999,0,0.5249999999999999,Session 2
J1R9kdd,obkP865,tita,3,3,3,3,1,1,Martina,False,False,False,True,False,Ja,True,False,Nein,False,True,4,90,5,5,5,5,5,5,5,5,4,4,4,4,4,4,4,5,5,5,5,4,6,6,6,6,4,4,4,5,4,4,Lena,False,False,True,False,False,Nein,False,True,Nein,False,True,3,90,5,5,5,5,4,5,5,4,4,4,4,4,4,4,4,5,5,4,5,4,5,5,5,5,4,4,5,5,4,4,Aylin,False,True,False,False,False,Nein,False,True,Nein,False,True,4,90,5,5,5,5,4,5,5,4,4,4,4,4,4,4,4,5,5,5,5,4,5,5,5,5,4,4,4,5,4,4,,,,,,,,,,,,,,,0.0,0.45,0.675,0,0.5625,Session 2
